date,name,value
2021-01-01,AED,3.673204
2021-01-01,AFN,77.571739
2021-01-01,ALL,101.322199
2021-01-01,AMD,522.590403
2021-01-01,ANG,1.803922
2021-01-01,AOA,654.160403
2021-01-01,ARS,85.115451
2021-01-01,AUD,1.29985
2021-01-01,AWG,1.8
2021-01-01,AZN,1.70397
2021-01-01,BAM,1.601236
2021-01-01,BBD,2.029064
2021-01-01,BDT,85.068975
2021-01-01,BGN,1.602404
2021-01-01,BHD,0.377011
2021-01-01,BIF,1949.903803
2021-01-01,BMD,1.0
2021-01-01,BND,1.328012
2021-01-01,BOB,6.919072
2021-01-01,BRL,5.193404
2021-01-01,BSD,1.004953
2021-01-01,BTC,3.4075045e-05
2021-01-01,BTN,73.428794
2021-01-01,BWP,10.858488
2021-01-01,BYN,2.625732
2021-01-01,BYR,19600.0
2021-01-01,BZD,2.025707
2021-01-01,CAD,1.27395
2021-01-01,CDF,1971.000362
2021-01-01,CHF,0.890075
2021-01-01,CLF,0.025749
2021-01-01,CLP,710.503912
2021-01-01,CNY,6.533041
2021-01-01,COP,3422.0
2021-01-01,CRC,613.418478
2021-01-01,CUC,1.0
2021-01-01,CUP,26.5
2021-01-01,CVE,90.273855
2021-01-01,CZK,21.470204
2021-01-01,DJF,177.720394
2021-01-01,DKK,6.092904
2021-01-01,DOP,58.428098
2021-01-01,DZD,132.069262
2021-01-01,EGP,15.842604
2021-01-01,ERN,15.000358
2021-01-01,ETB,39.551926
2021-01-01,EUR,0.821304
2021-01-01,FJD,2.039204
2021-01-01,FKP,0.733528
2021-01-01,GBP,0.731368
2021-01-01,GEL,3.28504
2021-01-01,GGP,0.733528
2021-01-01,GHS,5.899054
2021-01-01,GIP,0.733528
2021-01-01,GMD,51.71039
2021-01-01,GNF,10044.45536
2021-01-01,GTQ,7.833558
2021-01-01,GYD,210.250113
2021-01-01,HKD,7.75325
2021-01-01,HNL,24.230218
2021-01-01,HRK,6.179404
2021-01-01,HTG,72.994392
2021-01-01,HUF,296.920388
2021-01-01,IDR,14213.692393
2021-01-01,ILS,3.21302
2021-01-01,IMP,0.733528
2021-01-01,INR,73.09225
2021-01-01,IQD,1468.230382
2021-01-01,IRR,42105.000352
2021-01-01,ISK,127.810386
2021-01-01,JEP,0.733528
2021-01-01,JMD,143.707888
2021-01-01,JOD,0.70904
2021-01-01,JPY,103.240385
2021-01-01,KES,109.740385
2021-01-01,KGS,83.503801
2021-01-01,KHR,4057.963895
2021-01-01,KMF,403.00035
2021-01-01,KPW,900.023974
2021-01-01,KRW,1085.730384
2021-01-01,KWD,0.30415
2021-01-01,KYD,0.837447
2021-01-01,KZT,423.529412
2021-01-01,LAK,9341.029105
2021-01-01,LBP,1519.505506
2021-01-01,LKR,186.166851
2021-01-01,LRD,164.275039
2021-01-01,LSL,14.690382
2021-01-01,LTL,2.95274
2021-01-01,LVL,0.60489
2021-01-01,LYD,1.344386
2021-01-01,MAD,8.927095
2021-01-01,MDL,17.269065
2021-01-01,MGA,3840.000347
2021-01-01,MKD,50.444144
2021-01-01,MMK,1334.572353
2021-01-01,MNT,2849.992382
2021-01-01,MOP,8.024643
2021-01-01,MRO,356.999828
2021-01-01,MUR,39.703743
2021-01-01,MVR,15.403741
2021-01-01,MWK,774.654714
2021-01-01,MXN,19.882204
2021-01-01,MYR,4.022504
2021-01-01,MZN,74.903732
2021-01-01,NAD,14.690377
2021-01-01,NGN,381.203727
2021-01-01,NIO,35.02231
2021-01-01,NOK,8.63301
2021-01-01,NPR,117.485775
2021-01-01,NZD,1.520526
2021-01-01,OMR,0.384969
2021-01-01,PAB,1.004953
2021-01-01,PEN,3.637889
2021-01-01,PGK,3.573785
2021-01-01,PHP,48.095039
2021-01-01,PKR,160.992836
2021-01-01,PLN,3.75377
2021-01-01,PYG,6951.00086
2021-01-01,QAR,3.64125
2021-01-01,RON,3.983104
2021-01-01,RSD,96.250373
2021-01-01,RUB,73.945038
2021-01-01,RWF,995.914692
2021-01-01,SAR,3.751084
2021-01-01,SBD,8.002049
2021-01-01,SCR,21.204306
2021-01-01,SDG,55.250372
2021-01-01,SEK,8.26929
2021-01-01,SGD,1.321604
2021-01-01,SHP,0.733528
2021-01-01,SLL,10116.503669
2021-01-01,SOS,583.000338
2021-01-01,SRD,14.154038
2021-01-01,STD,20834.863349
2021-01-01,SVC,8.793647
2021-01-01,SYP,512.825634
2021-01-01,SZL,14.745098
2021-01-01,THB,29.988038
2021-01-01,TJS,11.38352
2021-01-01,TMT,3.5
2021-01-01,TND,2.694504
2021-01-01,TOP,2.27405
2021-01-01,TRY,7.439204
2021-01-01,TTD,6.795284
2021-01-01,TWD,28.069038
2021-01-01,TZS,2318.537038
2021-01-01,UAH,28.475255
2021-01-01,UGX,3674.075893
2021-01-01,USD,1.0
2021-01-01,UYU,42.368496
2021-01-01,UZS,10528.773179
2021-01-01,VEF,9.987504
2021-01-01,VND,23080.0
2021-01-01,VUV,108.757801
2021-01-01,WST,2.543972
2021-01-01,XAF,537.031397
2021-01-01,XAG,0.038018
2021-01-01,XAU,0.000528
2021-01-01,XCD,2.70255
2021-01-01,XDR,0.697777
2021-01-01,XOF,537.031397
2021-01-01,XPF,98.050364
2021-01-01,YER,250.403597
2021-01-01,ZAR,14.662595
2021-01-01,ZMK,9001.203593
2021-01-01,ZMW,21.274796
2021-01-01,ZWL,322.000186
2021-01-02,AED,3.673204
2021-01-02,AFN,77.571739
2021-01-02,ALL,101.322199
2021-01-02,AMD,522.590403
2021-01-02,ANG,1.803922
2021-01-02,AOA,654.160403
2021-01-02,ARS,85.115451
2021-01-02,AUD,1.29985
2021-01-02,AWG,1.8
2021-01-02,AZN,1.70397
2021-01-02,BAM,1.601236
2021-01-02,BBD,2.029064
2021-01-02,BDT,85.068975
2021-01-02,BGN,1.602404
2021-01-02,BHD,0.377011
2021-01-02,BIF,1949.903803
2021-01-02,BMD,1.0
2021-01-02,BND,1.328012
2021-01-02,BOB,6.919072
2021-01-02,BRL,5.193404
2021-01-02,BSD,1.004953
2021-01-02,BTC,3.1027802e-05
2021-01-02,BTN,73.428794
2021-01-02,BWP,10.858488
2021-01-02,BYN,2.625732
2021-01-02,BYR,19600.0
2021-01-02,BZD,2.025707
2021-01-02,CAD,1.27395
2021-01-02,CDF,1971.000362
2021-01-02,CHF,0.890075
2021-01-02,CLF,0.025749
2021-01-02,CLP,710.503912
2021-01-02,CNY,6.533041
2021-01-02,COP,3422.0
2021-01-02,CRC,613.418478
2021-01-02,CUC,1.0
2021-01-02,CUP,26.5
2021-01-02,CVE,90.273855
2021-01-02,CZK,21.470204
2021-01-02,DJF,177.720394
2021-01-02,DKK,6.092904
2021-01-02,DOP,58.428098
2021-01-02,DZD,132.069262
2021-01-02,EGP,15.842604
2021-01-02,ERN,15.000358
2021-01-02,ETB,39.551926
2021-01-02,EUR,0.824063
2021-01-02,FJD,2.039204
2021-01-02,FKP,0.731181
2021-01-02,GBP,0.731368
2021-01-02,GEL,3.28504
2021-01-02,GGP,0.731181
2021-01-02,GHS,5.899054
2021-01-02,GIP,0.731181
2021-01-02,GMD,51.71039
2021-01-02,GNF,10044.45536
2021-01-02,GTQ,7.833558
2021-01-02,GYD,210.250113
2021-01-02,HKD,7.75325
2021-01-02,HNL,24.230218
2021-01-02,HRK,6.179404
2021-01-02,HTG,72.994392
2021-01-02,HUF,296.920388
2021-01-02,IDR,14213.692393
2021-01-02,ILS,3.21302
2021-01-02,IMP,0.731181
2021-01-02,INR,73.09225
2021-01-02,IQD,1468.230382
2021-01-02,IRR,42105.000352
2021-01-02,ISK,127.810386
2021-01-02,JEP,0.731181
2021-01-02,JMD,143.707888
2021-01-02,JOD,0.70904
2021-01-02,JPY,103.240385
2021-01-02,KES,109.740385
2021-01-02,KGS,83.503801
2021-01-02,KHR,4057.963895
2021-01-02,KMF,403.00035
2021-01-02,KPW,900.000072
2021-01-02,KRW,1085.730384
2021-01-02,KWD,0.30415
2021-01-02,KYD,0.837447
2021-01-02,KZT,423.529412
2021-01-02,LAK,9341.029105
2021-01-02,LBP,1519.505506
2021-01-02,LKR,186.166851
2021-01-02,LRD,164.275039
2021-01-02,LSL,14.690382
2021-01-02,LTL,2.95274
2021-01-02,LVL,0.60489
2021-01-02,LYD,1.344386
2021-01-02,MAD,8.927095
2021-01-02,MDL,17.269065
2021-01-02,MGA,3840.000347
2021-01-02,MKD,50.444144
2021-01-02,MMK,1334.572353
2021-01-02,MNT,2850.052265
2021-01-02,MOP,8.024643
2021-01-02,MRO,356.999828
2021-01-02,MUR,39.703743
2021-01-02,MVR,15.403741
2021-01-02,MWK,774.654714
2021-01-02,MXN,19.882204
2021-01-02,MYR,4.022504
2021-01-02,MZN,74.903732
2021-01-02,NAD,14.690377
2021-01-02,NGN,381.203727
2021-01-02,NIO,35.02231
2021-01-02,NOK,8.63301
2021-01-02,NPR,117.485775
2021-01-02,NZD,1.520526
2021-01-02,OMR,0.384969
2021-01-02,PAB,1.004953
2021-01-02,PEN,3.637889
2021-01-02,PGK,3.573785
2021-01-02,PHP,48.095039
2021-01-02,PKR,160.992836
2021-01-02,PLN,3.75377
2021-01-02,PYG,6951.00086
2021-01-02,QAR,3.64125
2021-01-02,RON,3.983104
2021-01-02,RSD,96.250373
2021-01-02,RUB,73.945038
2021-01-02,RWF,995.914692
2021-01-02,SAR,3.751084
2021-01-02,SBD,8.002049
2021-01-02,SCR,21.204306
2021-01-02,SDG,55.250372
2021-01-02,SEK,8.26929
2021-01-02,SGD,1.321604
2021-01-02,SHP,0.731181
2021-01-02,SLL,10116.503669
2021-01-02,SOS,583.000338
2021-01-02,SRD,14.154038
2021-01-02,STD,20834.863349
2021-01-02,SVC,8.793647
2021-01-02,SYP,512.825634
2021-01-02,SZL,14.745098
2021-01-02,THB,29.988038
2021-01-02,TJS,11.38352
2021-01-02,TMT,3.5
2021-01-02,TND,2.694504
2021-01-02,TOP,2.27405
2021-01-02,TRY,7.439204
2021-01-02,TTD,6.795284
2021-01-02,TWD,28.069038
2021-01-02,TZS,2318.537038
2021-01-02,UAH,28.475255
2021-01-02,UGX,3674.075893
2021-01-02,USD,1.0
2021-01-02,UYU,42.368496
2021-01-02,UZS,10528.773179
2021-01-02,VEF,9.987504
2021-01-02,VND,23080.0
2021-01-02,VUV,108.664454
2021-01-02,WST,2.550164
2021-01-02,XAF,537.031397
2021-01-02,XAG,0.038018
2021-01-02,XAU,0.000528
2021-01-02,XCD,2.70255
2021-01-02,XDR,0.697777
2021-01-02,XOF,537.031397
2021-01-02,XPF,98.050364
2021-01-02,YER,250.403597
2021-01-02,ZAR,14.662595
2021-01-02,ZMK,9001.203593
2021-01-02,ZMW,21.274796
2021-01-02,ZWL,322.000186
2021-01-03,AED,3.67291
2021-01-03,AFN,77.571739
2021-01-03,ALL,101.322199
2021-01-03,AMD,522.589916
2021-01-03,ANG,1.803922
2021-01-03,AOA,654.159793
2021-01-03,ARS,84.320882
2021-01-03,AUD,1.29673
2021-01-03,AWG,1.8
2021-01-03,AZN,1.64452
2021-01-03,BAM,1.601236
2021-01-03,BBD,2.029064
2021-01-03,BDT,85.068975
2021-01-03,BGN,1.602404
2021-01-03,BHD,0.377011
2021-01-03,BIF,1949.903803
2021-01-03,BMD,1.0
2021-01-03,BND,1.328012
2021-01-03,BOB,6.919072
2021-01-03,BRL,5.1934
2021-01-03,BSD,1.004953
2021-01-03,BTC,3.0695225e-05
2021-01-03,BTN,73.428794
2021-01-03,BWP,10.858488
2021-01-03,BYN,2.625732
2021-01-03,BYR,19600.0
2021-01-03,BZD,2.025707
2021-01-03,CAD,1.27232
2021-01-03,CDF,1971.000437
2021-01-03,CHF,0.88314
2021-01-03,CLF,0.025749
2021-01-03,CLP,710.499696
2021-01-03,CNY,6.532972
2021-01-03,COP,3422.0
2021-01-03,CRC,613.418478
2021-01-03,CUC,1.0
2021-01-03,CUP,26.5
2021-01-03,CVE,90.273855
2021-01-03,CZK,21.42375
2021-01-03,DJF,177.720142
2021-01-03,DKK,6.07432
2021-01-03,DOP,58.428098
2021-01-03,DZD,132.069262
2021-01-03,EGP,15.693621
2021-01-03,ERN,15.000233
2021-01-03,ETB,39.551926
2021-01-03,EUR,0.816315
2021-01-03,FJD,2.039199
2021-01-03,FKP,0.730858
2021-01-03,GBP,0.730805
2021-01-03,GEL,3.285011
2021-01-03,GGP,0.730858
2021-01-03,GHS,5.899054
2021-01-03,GIP,0.730858
2021-01-03,GMD,51.710188
2021-01-03,GNF,10044.45536
2021-01-03,GTQ,7.833558
2021-01-03,GYD,210.250113
2021-01-03,HKD,7.753075
2021-01-03,HNL,24.230218
2021-01-03,HRK,6.1794
2021-01-03,HTG,72.994392
2021-01-03,HUF,296.805018
2021-01-03,IDR,14212.035435
2021-01-03,ILS,3.21065
2021-01-03,IMP,0.730858
2021-01-03,INR,73.09225
2021-01-03,IQD,1468.230382
2021-01-03,IRR,42105.0002
2021-01-03,ISK,127.810235
2021-01-03,JEP,0.730858
2021-01-03,JMD,143.707888
2021-01-03,JOD,0.708983
2021-01-03,JPY,103.242033
2021-01-03,KES,109.740141
2021-01-03,KGS,83.494249
2021-01-03,KHR,4057.963895
2021-01-03,KMF,402.999653
2021-01-03,KPW,900.073104
2021-01-03,KRW,1085.730262
2021-01-03,KWD,0.30415
2021-01-03,KYD,0.837447
2021-01-03,KZT,423.529412
2021-01-03,LAK,9341.029105
2021-01-03,LBP,1519.505506
2021-01-03,LKR,186.166851
2021-01-03,LRD,164.274999
2021-01-03,LSL,14.689965
2021-01-03,LTL,2.95274
2021-01-03,LVL,0.60489
2021-01-03,LYD,1.344386
2021-01-03,MAD,8.927095
2021-01-03,MDL,17.269065
2021-01-03,MGA,3839.999792
2021-01-03,MKD,50.444144
2021-01-03,MMK,1334.572353
2021-01-03,MNT,2849.021444
2021-01-03,MOP,8.024643
2021-01-03,MRO,356.999828
2021-01-03,MUR,39.704601
2021-01-03,MVR,15.396482
2021-01-03,MWK,774.654714
2021-01-03,MXN,19.849652
2021-01-03,MYR,4.022497
2021-01-03,MZN,74.892074
2021-01-03,NAD,14.690035
2021-01-03,NGN,381.2053
2021-01-03,NIO,35.02231
2021-01-03,NOK,8.553497
2021-01-03,NPR,117.485775
2021-01-03,NZD,1.389405
2021-01-03,OMR,0.384969
2021-01-03,PAB,1.004953
2021-01-03,PEN,3.637889
2021-01-03,PGK,3.573785
2021-01-03,PHP,48.094978
2021-01-03,PKR,160.992836
2021-01-03,PLN,3.724834
2021-01-03,PYG,6951.00086
2021-01-03,QAR,3.64125
2021-01-03,RON,3.97713
2021-01-03,RSD,96.249957
2021-01-03,RUB,74.19075
2021-01-03,RWF,995.914692
2021-01-03,SAR,3.751702
2021-01-03,SBD,8.002049
2021-01-03,SCR,21.204306
2021-01-03,SDG,55.249652
2021-01-03,SEK,8.19741
2021-01-03,SGD,1.32071
2021-01-03,SHP,0.730858
2021-01-03,SLL,10116.498129
2021-01-03,SOS,583.000015
2021-01-03,SRD,14.153984
2021-01-03,STD,20834.863349
2021-01-03,SVC,8.793647
2021-01-03,SYP,512.847403
2021-01-03,SZL,14.745098
2021-01-03,THB,29.971502
2021-01-03,TJS,11.38352
2021-01-03,TMT,3.5
2021-01-03,TND,2.694503
2021-01-03,TOP,2.27405
2021-01-03,TRY,7.43717
2021-01-03,TTD,6.795284
2021-01-03,TWD,28.068998
2021-01-03,TZS,2318.53703
2021-01-03,UAH,28.475255
2021-01-03,UGX,3674.075893
2021-01-03,USD,1.0
2021-01-03,UYU,42.368496
2021-01-03,UZS,10528.773179
2021-01-03,VEF,9.987503
2021-01-03,VND,23080.0
2021-01-03,VUV,108.64172
2021-01-03,WST,2.529731
2021-01-03,XAF,537.031397
2021-01-03,XAG,0.037229
2021-01-03,XAU,0.000523
2021-01-03,XCD,2.70255
2021-01-03,XDR,0.697777
2021-01-03,XOF,537.031397
2021-01-03,XPF,98.050513
2021-01-03,YER,250.401494
2021-01-03,ZAR,14.654102
2021-01-03,ZMK,9001.193685
2021-01-03,ZMW,21.274796
2021-01-03,ZWL,322.000186
2021-01-04,AED,3.6732
2021-01-04,AFN,77.199587
2021-01-04,ALL,100.324981
2021-01-04,AMD,522.58981
2021-01-04,ANG,1.794159
2021-01-04,AOA,654.159893
2021-01-04,ARS,84.629106
2021-01-04,AUD,1.303951
2021-01-04,AWG,1.8
2021-01-04,AZN,1.703286
2021-01-04,BAM,1.590248
2021-01-04,BBD,2.018164
2021-01-04,BDT,84.766036
2021-01-04,BGN,1.597307
2021-01-04,BHD,0.377083
2021-01-04,BIF,1946.0
2021-01-04,BMD,1.0
2021-01-04,BND,1.316594
2021-01-04,BOB,6.881835
2021-01-04,BRL,5.296798
2021-01-04,BSD,0.999528
2021-01-04,BTC,3.1274049e-05
2021-01-04,BTN,72.988909
2021-01-04,BWP,10.753651
2021-01-04,BYN,2.5808
2021-01-04,BYR,19600.0
2021-01-04,BZD,2.014831
2021-01-04,CAD,1.27835
2021-01-04,CDF,1969.999836
2021-01-04,CHF,0.88129
2021-01-04,CLF,0.025525
2021-01-04,CLP,704.303175
2021-01-04,CNY,6.461597
2021-01-04,COP,3449.5
2021-01-04,CRC,610.14937
2021-01-04,CUC,1.0
2021-01-04,CUP,26.5
2021-01-04,CVE,90.125018
2021-01-04,CZK,21.376101
2021-01-04,DJF,177.720055
2021-01-04,DKK,6.07296
2021-01-04,DOP,58.198486
2021-01-04,DZD,132.194467
2021-01-04,EGP,15.73836
2021-01-04,ERN,14.999949
2021-01-04,ETB,39.195264
2021-01-04,EUR,0.816245
2021-01-04,FJD,2.042102
2021-01-04,FKP,0.736916
2021-01-04,GBP,0.736914
2021-01-04,GEL,3.29021
2021-01-04,GGP,0.736916
2021-01-04,GHS,5.86019
2021-01-04,GIP,0.736916
2021-01-04,GMD,51.750396
2021-01-04,GNF,10019.999943
2021-01-04,GTQ,7.791492
2021-01-04,GYD,208.935686
2021-01-04,HKD,7.75327
2021-01-04,HNL,24.234946
2021-01-04,HRK,6.172198
2021-01-04,HTG,72.737917
2021-01-04,HUF,295.289648
2021-01-04,IDR,13938.7
2021-01-04,ILS,3.208919
2021-01-04,IMP,0.736916
2021-01-04,INR,73.330062
2021-01-04,IQD,1459.325631
2021-01-04,IRR,42104.999768
2021-01-04,ISK,127.419688
2021-01-04,JEP,0.736916
2021-01-04,JMD,142.386594
2021-01-04,JOD,0.709012
2021-01-04,JPY,103.130269
2021-01-04,KES,109.300615
2021-01-04,KGS,83.227999
2021-01-04,KHR,4044.999736
2021-01-04,KMF,402.22494
2021-01-04,KPW,900.065543
2021-01-04,KRW,1086.694991
2021-01-04,KWD,0.304102
2021-01-04,KYD,0.83292
2021-01-04,KZT,421.249055
2021-01-04,LAK,9299.999715
2021-01-04,LBP,1512.34442
2021-01-04,LKR,186.914114
2021-01-04,LRD,164.398454
2021-01-04,LSL,14.593234
2021-01-04,LTL,2.95274
2021-01-04,LVL,0.60489
2021-01-04,LYD,1.334978
2021-01-04,MAD,8.859502
2021-01-04,MDL,17.142102
2021-01-04,MGA,3894.999557
2021-01-04,MKD,50.296112
2021-01-04,MMK,1327.39001
2021-01-04,MNT,2848.871657
2021-01-04,MOP,7.981364
2021-01-04,MRO,356.999828
2021-01-04,MUR,39.403281
2021-01-04,MVR,15.410292
2021-01-04,MWK,772.999842
2021-01-04,MXN,19.94495
2021-01-04,MYR,4.006503
2021-01-04,MZN,74.910177
2021-01-04,NAD,14.59346
2021-01-04,NGN,381.000437
2021-01-04,NIO,34.98019
2021-01-04,NOK,8.557495
2021-01-04,NPR,116.785923
2021-01-04,NZD,1.393265
2021-01-04,OMR,0.38501
2021-01-04,PAB,0.99952
2021-01-04,PEN,3.645101
2021-01-04,PGK,3.509852
2021-01-04,PHP,48.010193
2021-01-04,PKR,159.819944
2021-01-04,PLN,3.720494
2021-01-04,PYG,6913.682636
2021-01-04,QAR,3.640984
2021-01-04,RON,3.975003
2021-01-04,RSD,95.959623
2021-01-04,RUB,74.510402
2021-01-04,RWF,972.5
2021-01-04,SAR,3.751308
2021-01-04,SBD,8.047136
2021-01-04,SCR,21.204664
2021-01-04,SDG,55.298965
2021-01-04,SEK,8.25063
2021-01-04,SGD,1.32059
2021-01-04,SHP,0.736916
2021-01-04,SLL,10129.999655
2021-01-04,SOS,583.497745
2021-01-04,SRD,14.153981
2021-01-04,STD,20834.863349
2021-01-04,SVC,8.745498
2021-01-04,SYP,512.822036
2021-01-04,SZL,14.604859
2021-01-04,THB,29.919968
2021-01-04,TJS,11.322313
2021-01-04,TMT,3.51
2021-01-04,TND,2.68701
2021-01-04,TOP,2.27355
2021-01-04,TRY,7.426502
2021-01-04,TTD,6.758735
2021-01-04,TWD,28.115957
2021-01-04,TZS,2317.949719
2021-01-04,UAH,28.430253
2021-01-04,UGX,3678.266526
2021-01-04,USD,1.0
2021-01-04,UYU,42.335838
2021-01-04,UZS,10453.999944
2021-01-04,VEF,9.987502
2021-01-04,VND,23080.0
2021-01-04,VUV,108.495805
2021-01-04,WST,2.521817
2021-01-04,XAF,533.354745
2021-01-04,XAG,0.036815
2021-01-04,XAU,0.000515
2021-01-04,XCD,2.70255
2021-01-04,XDR,0.69397
2021-01-04,XOF,534.000252
2021-01-04,XPF,97.549639
2021-01-04,YER,250.350426
2021-01-04,ZAR,14.7026
2021-01-04,ZMK,9001.202768
2021-01-04,ZMW,21.162959
2021-01-04,ZWL,322.000186
2021-01-05,AED,3.673203
2021-01-05,AFN,77.249952
2021-01-05,ALL,100.350084
2021-01-05,AMD,522.589777
2021-01-05,ANG,1.797108
2021-01-05,AOA,655.514979
2021-01-05,ARS,84.792597
2021-01-05,AUD,1.288079
2021-01-05,AWG,1.8
2021-01-05,AZN,1.701624
2021-01-05,BAM,1.594175
2021-01-05,BBD,2.021502
2021-01-05,BDT,84.906265
2021-01-05,BGN,1.590713
2021-01-05,BHD,0.377128
2021-01-05,BIF,1946.0
2021-01-05,BMD,1.0
2021-01-05,BND,1.320118
2021-01-05,BOB,6.893207
2021-01-05,BRL,5.285597
2021-01-05,BSD,1.001174
2021-01-05,BTC,2.9451412e-05
2021-01-05,BTN,73.320102
2021-01-05,BWP,10.894397
2021-01-05,BYN,2.586766
2021-01-05,BYR,19600.0
2021-01-05,BZD,2.018079
2021-01-05,CAD,1.267515
2021-01-05,CDF,1970.000062
2021-01-05,CHF,0.87823
2021-01-05,CLF,0.02522
2021-01-05,CLP,695.901138
2021-01-05,CNY,6.456297
2021-01-05,COP,3444.0
2021-01-05,CRC,612.824609
2021-01-05,CUC,1.0
2021-01-05,CUP,26.5
2021-01-05,CVE,90.349791
2021-01-05,CZK,21.255698
2021-01-05,DJF,177.720101
2021-01-05,DKK,6.048039
2021-01-05,DOP,58.249545
2021-01-05,DZD,132.265147
2021-01-05,EGP,15.699501
2021-01-05,ERN,15.000053
2021-01-05,ETB,39.250324
2021-01-05,EUR,0.813015
2021-01-05,FJD,2.027201
2021-01-05,FKP,0.733762
2021-01-05,GBP,0.73375
2021-01-05,GEL,3.298708
2021-01-05,GGP,0.733762
2021-01-05,GHS,5.870316
2021-01-05,GIP,0.733762
2021-01-05,GMD,51.675643
2021-01-05,GNF,10225.00002
2021-01-05,GTQ,7.804313
2021-01-05,GYD,209.363742
2021-01-05,HKD,7.753002
2021-01-05,HNL,24.254961
2021-01-05,HRK,6.147497
2021-01-05,HTG,72.349738
2021-01-05,HUF,291.954014
2021-01-05,IDR,13944.0
2021-01-05,ILS,3.20377
2021-01-05,IMP,0.733762
2021-01-05,INR,73.37505
2021-01-05,IQD,1461.5
2021-01-05,IRR,42105.000017
2021-01-05,ISK,126.910284
2021-01-05,JEP,0.733762
2021-01-05,JMD,142.009683
2021-01-05,JOD,0.709018
2021-01-05,JPY,102.678985
2021-01-05,KES,109.400592
2021-01-05,KGS,83.181099
2021-01-05,KHR,4054.999971
2021-01-05,KMF,401.150453
2021-01-05,KPW,900.076721
2021-01-05,KRW,1087.450505
2021-01-05,KWD,0.30358
2021-01-05,KYD,0.834325
2021-01-05,KZT,422.044895
2021-01-05,LAK,9300.000186
2021-01-05,LBP,1513.734991
2021-01-05,LKR,188.725119
2021-01-05,LRD,166.024997
2021-01-05,LSL,14.690217
2021-01-05,LTL,2.95274
2021-01-05,LVL,0.60489
2021-01-05,LYD,4.436697
2021-01-05,MAD,8.823988
2021-01-05,MDL,17.248097
2021-01-05,MGA,3839.99981
2021-01-05,MKD,50.104494
2021-01-05,MMK,1322.076847
2021-01-05,MNT,2839.114133
2021-01-05,MOP,7.994963
2021-01-05,MRO,356.999828
2021-01-05,MUR,39.404461
2021-01-05,MVR,15.403383
2021-01-05,MWK,770.000029
2021-01-05,MXN,19.904702
2021-01-05,MYR,4.0175
2021-01-05,MZN,74.901445
2021-01-05,NAD,15.009651
2021-01-05,NGN,381.492558
2021-01-05,NIO,34.930324
2021-01-05,NOK,8.46681
2021-01-05,NPR,117.312489
2021-01-05,NZD,1.37817
2021-01-05,OMR,0.38501
2021-01-05,PAB,1.001174
2021-01-05,PEN,3.628496
2021-01-05,PGK,3.527502
2021-01-05,PHP,48.120283
2021-01-05,PKR,160.479733
2021-01-05,PLN,3.686691
2021-01-05,PYG,6926.544186
2021-01-05,QAR,3.640949
2021-01-05,RON,3.960204
2021-01-05,RSD,95.60972
2021-01-05,RUB,74.170098
2021-01-05,RWF,970.0
2021-01-05,SAR,3.751464
2021-01-05,SBD,8.016037
2021-01-05,SCR,21.204951
2021-01-05,SDG,55.30203
2021-01-05,SEK,8.1789
2021-01-05,SGD,1.31741
2021-01-05,SHP,0.733762
2021-01-05,SLL,10118.000258
2021-01-05,SOS,581.00017
2021-01-05,SRD,14.153998
2021-01-05,STD,20834.863349
2021-01-05,SVC,8.760576
2021-01-05,SYP,512.842849
2021-01-05,SZL,14.980138
2021-01-05,THB,29.930145
2021-01-05,TJS,11.341066
2021-01-05,TMT,3.5
2021-01-05,TND,2.680503
2021-01-05,TOP,2.275098
2021-01-05,TRY,7.391295
2021-01-05,TTD,6.801673
2021-01-05,TWD,27.969887
2021-01-05,TZS,2321.772965
2021-01-05,UAH,28.338998
2021-01-05,UGX,3699.444109
2021-01-05,USD,1.0
2021-01-05,UYU,42.39522
2021-01-05,UZS,10449.000184
2021-01-05,VEF,9.987505
2021-01-05,VND,23090.0
2021-01-05,VUV,108.842515
2021-01-05,WST,2.501271
2021-01-05,XAF,534.663287
2021-01-05,XAG,0.036245
2021-01-05,XAU,0.000513
2021-01-05,XCD,2.70255
2021-01-05,XDR,0.691032
2021-01-05,XOF,534.509247
2021-01-05,XPF,97.375021
2021-01-05,YER,250.425017
2021-01-05,ZAR,14.977502
2021-01-05,ZMK,9001.192482
2021-01-05,ZMW,21.212771
2021-01-05,ZWL,322.000186
2021-01-06,AED,3.6732
2021-01-06,AFN,77.249691
2021-01-06,ALL,100.449971
2021-01-06,AMD,522.590027
2021-01-06,ANG,1.79375
2021-01-06,AOA,656.133017
2021-01-06,ARS,84.903204
2021-01-06,AUD,1.279591
2021-01-06,AWG,1.8
2021-01-06,AZN,1.702579
2021-01-06,BAM,1.584143
2021-01-06,BBD,2.017706
2021-01-06,BDT,84.735222
2021-01-06,BGN,1.58636
2021-01-06,BHD,0.377016
2021-01-06,BIF,1946.0
2021-01-06,BMD,1.0
2021-01-06,BND,1.315384
2021-01-06,BOB,6.87013
2021-01-06,BRL,5.314399
2021-01-06,BSD,0.999336
2021-01-06,BTC,2.7125807e-05
2021-01-06,BTN,72.995578
2021-01-06,BWP,10.885617
2021-01-06,BYN,2.572998
2021-01-06,BYR,19600.0
2021-01-06,BZD,2.014288
2021-01-06,CAD,1.266585
2021-01-06,CDF,1969.999936
2021-01-06,CHF,0.87812
2021-01-06,CLF,0.025242
2021-01-06,CLP,696.492944
2021-01-06,CNY,6.461703
2021-01-06,COP,3414.55
2021-01-06,CRC,611.111111
2021-01-06,CUC,1.0
2021-01-06,CUP,26.5
2021-01-06,CVE,90.250052
2021-01-06,CZK,21.234042
2021-01-06,DJF,177.720349
2021-01-06,DKK,6.028803
2021-01-06,DOP,58.199915
2021-01-06,DZD,132.256705
2021-01-06,EGP,15.698897
2021-01-06,ERN,15.000131
2021-01-06,ETB,39.249825
2021-01-06,EUR,0.810403
2021-01-06,FJD,2.02435
2021-01-06,FKP,0.733864
2021-01-06,GBP,0.733985
2021-01-06,GEL,3.309846
2021-01-06,GGP,0.733864
2021-01-06,GHS,5.87499
2021-01-06,GIP,0.733864
2021-01-06,GMD,51.696248
2021-01-06,GNF,10025.000022
2021-01-06,GTQ,7.789522
2021-01-06,GYD,209.133175
2021-01-06,HKD,7.75315
2021-01-06,HNL,24.980293
2021-01-06,HRK,6.1271
2021-01-06,HTG,72.549448
2021-01-06,HUF,290.808962
2021-01-06,IDR,13958.0
2021-01-06,ILS,3.186565
2021-01-06,IMP,0.733864
2021-01-06,INR,73.375048
2021-01-06,IQD,1462.5
2021-01-06,IRR,42105.000249
2021-01-06,ISK,126.510355
2021-01-06,JEP,0.733864
2021-01-06,JMD,141.95461
2021-01-06,JOD,0.709015
2021-01-06,JPY,103.029031
2021-01-06,KES,109.449615
2021-01-06,KGS,83.077302
2021-01-06,KHR,4055.000095
2021-01-06,KMF,400.150021
2021-01-06,KPW,900.067462
2021-01-06,KRW,1087.950124
2021-01-06,KWD,0.30338
2021-01-06,KYD,0.832726
2021-01-06,KZT,418.89473
2021-01-06,LAK,9299.999795
2021-01-06,LBP,1512.295015
2021-01-06,LKR,188.36719
2021-01-06,LRD,166.449589
2021-01-06,LSL,14.690209
2021-01-06,LTL,2.95274
2021-01-06,LVL,0.60489
2021-01-06,LYD,4.431199
2021-01-06,MAD,8.804991
2021-01-06,MDL,17.18774
2021-01-06,MGA,3817.484777
2021-01-06,MKD,49.978099
2021-01-06,MMK,1316.571658
2021-01-06,MNT,2849.495808
2021-01-06,MOP,7.980512
2021-01-06,MRO,356.999828
2021-01-06,MUR,39.350142
2021-01-06,MVR,15.410061
2021-01-06,MWK,769.9998
2021-01-06,MXN,19.65827
2021-01-06,MYR,4.010501
2021-01-06,MZN,74.901482
2021-01-06,NAD,15.050198
2021-01-06,NGN,381.544655
2021-01-06,NIO,34.950089
2021-01-06,NOK,8.400399
2021-01-06,NPR,116.793021
2021-01-06,NZD,1.36895
2021-01-06,OMR,0.385025
2021-01-06,PAB,0.999255
2021-01-06,PEN,3.628002
2021-01-06,PGK,3.515055
2021-01-06,PHP,48.110424
2021-01-06,PKR,160.401494
2021-01-06,PLN,3.669437
2021-01-06,PYG,6874.017916
2021-01-06,QAR,3.640995
2021-01-06,RON,3.947801
2021-01-06,RSD,95.295018
2021-01-06,RUB,74.126496
2021-01-06,RWF,977.5
2021-01-06,SAR,3.751631
2021-01-06,SBD,8.033295
2021-01-06,SCR,21.206202
2021-01-06,SDG,55.274977
2021-01-06,SEK,8.159802
2021-01-06,SGD,1.317495
2021-01-06,SHP,0.733864
2021-01-06,SLL,10112.999787
2021-01-06,SOS,583.000226
2021-01-06,SRD,14.153985
2021-01-06,STD,20834.863349
2021-01-06,SVC,8.743581
2021-01-06,SYP,512.84285
2021-01-06,SZL,15.050356
2021-01-06,THB,29.930045
2021-01-06,TJS,11.319424
2021-01-06,TMT,3.51
2021-01-06,TND,2.680503
2021-01-06,TOP,2.265301
2021-01-06,TRY,7.30366
2021-01-06,TTD,6.78881
2021-01-06,TWD,27.834983
2021-01-06,TZS,2318.999752
2021-01-06,UAH,28.249111
2021-01-06,UGX,3692.421088
2021-01-06,USD,1.0
2021-01-06,UYU,42.144951
2021-01-06,UZS,10478.999644
2021-01-06,VEF,9.987503
2021-01-06,VND,23092.5
2021-01-06,VUV,107.669231
2021-01-06,WST,2.495727
2021-01-06,XAF,531.302749
2021-01-06,XAG,0.036649
2021-01-06,XAU,0.00052
2021-01-06,XCD,2.70255
2021-01-06,XDR,0.690091
2021-01-06,XOF,534.500812
2021-01-06,XPF,97.374965
2021-01-06,YER,250.430447
2021-01-06,ZAR,15.05579
2021-01-06,ZMK,9001.194249
2021-01-06,ZMW,21.167394
2021-01-06,ZWL,322.000186
2021-01-07,AED,3.6732
2021-01-07,AFN,77.19567
2021-01-07,ALL,100.749868
2021-01-07,AMD,522.590007
2021-01-07,ANG,1.795428
2021-01-07,AOA,649.939537
2021-01-07,ARS,84.940201
2021-01-07,AUD,1.287184
2021-01-07,AWG,1.8
2021-01-07,AZN,1.699053
2021-01-07,BAM,1.596088
2021-01-07,BBD,2.019602
2021-01-07,BDT,84.816139
2021-01-07,BGN,1.594465
2021-01-07,BHD,0.377151
2021-01-07,BIF,1945.0
2021-01-07,BMD,1.0
2021-01-07,BND,1.325466
2021-01-07,BOB,6.886624
2021-01-07,BRL,5.410295
2021-01-07,BSD,1.000253
2021-01-07,BTC,2.5389723e-05
2021-01-07,BTN,73.118517
2021-01-07,BWP,11.016003
2021-01-07,BYN,2.575425
2021-01-07,BYR,19600.0
2021-01-07,BZD,2.016174
2021-01-07,CAD,1.268465
2021-01-07,CDF,1970.999672
2021-01-07,CHF,0.885201
2021-01-07,CLF,0.025833
2021-01-07,CLP,712.788329
2021-01-07,CNY,6.478199
2021-01-07,COP,3489.99
2021-01-07,CRC,611.690972
2021-01-07,CUC,1.0
2021-01-07,CUP,26.5
2021-01-07,CVE,90.370301
2021-01-07,CZK,21.371899
2021-01-07,DJF,177.720101
2021-01-07,DKK,6.063303
2021-01-07,DOP,58.294926
2021-01-07,DZD,132.23511
2021-01-07,EGP,15.7022
2021-01-07,ERN,14.999827
2021-01-07,ETB,39.301691
2021-01-07,EUR,0.815027
2021-01-07,FJD,2.030099
2021-01-07,FKP,0.736974
2021-01-07,GBP,0.737005
2021-01-07,GEL,3.309743
2021-01-07,GGP,0.736974
2021-01-07,GHS,5.865007
2021-01-07,GIP,0.736974
2021-01-07,GMD,51.710023
2021-01-07,GNF,10055.999942
2021-01-07,GTQ,7.794416
2021-01-07,GYD,209.329275
2021-01-07,HKD,7.75325
2021-01-07,HNL,24.260249
2021-01-07,HRK,6.167499
2021-01-07,HTG,73.351341
2021-01-07,HUF,292.95982
2021-01-07,IDR,13905.20374
2021-01-07,ILS,3.18273
2021-01-07,IMP,0.736974
2021-01-07,INR,73.453503
2021-01-07,IQD,1461.5
2021-01-07,IRR,42105.000242
2021-01-07,ISK,126.579662
2021-01-07,JEP,0.736974
2021-01-07,JMD,142.852946
2021-01-07,JOD,0.709017
2021-01-07,JPY,103.795032
2021-01-07,KES,109.550333
2021-01-07,KGS,83.077297
2021-01-07,KHR,4055.000114
2021-01-07,KMF,401.649386
2021-01-07,KPW,900.059683
2021-01-07,KRW,1094.070238
2021-01-07,KWD,0.30338
2021-01-07,KYD,0.833524
2021-01-07,KZT,419.286921
2021-01-07,LAK,9299.999774
2021-01-07,LBP,1514.916857
2021-01-07,LKR,188.04681
2021-01-07,LRD,166.874973
2021-01-07,LSL,15.050273
2021-01-07,LTL,2.95274
2021-01-07,LVL,0.60489
2021-01-07,LYD,4.440143
2021-01-07,MAD,8.812029
2021-01-07,MDL,17.176164
2021-01-07,MGA,3769.999958
2021-01-07,MKD,50.225798
2021-01-07,MMK,1327.830714
2021-01-07,MNT,2837.545915
2021-01-07,MOP,7.987318
2021-01-07,MRO,356.999828
2021-01-07,MUR,39.410166
2021-01-07,MVR,15.398714
2021-01-07,MWK,775.000143
2021-01-07,MXN,20.015098
2021-01-07,MYR,4.04012
2021-01-07,MZN,74.925018
2021-01-07,NAD,15.049823
2021-01-07,NGN,381.196439
2021-01-07,NIO,35.010371
2021-01-07,NOK,8.429697
2021-01-07,NPR,116.990648
2021-01-07,NZD,1.376541
2021-01-07,OMR,0.385011
2021-01-07,PAB,1.000253
2021-01-07,PEN,3.624499
2021-01-07,PGK,3.519936
2021-01-07,PHP,48.230116
2021-01-07,PKR,160.20406
2021-01-07,PLN,3.68285
2021-01-07,PYG,6844.540558
2021-01-07,QAR,3.64125
2021-01-07,RON,3.959198
2021-01-07,RSD,95.82502
2021-01-07,RUB,74.630102
2021-01-07,RWF,975.0
2021-01-07,SAR,3.751885
2021-01-07,SBD,8.066615
2021-01-07,SCR,21.209132
2021-01-07,SDG,55.30114
2021-01-07,SEK,8.18987
2021-01-07,SGD,1.32432
2021-01-07,SHP,0.736974
2021-01-07,SLL,10116.000223
2021-01-07,SOS,585.000526
2021-01-07,SRD,14.154024
2021-01-07,STD,20834.863349
2021-01-07,SVC,8.752316
2021-01-07,SYP,512.823946
2021-01-07,SZL,15.050585
2021-01-07,THB,30.080047
2021-01-07,TJS,11.330189
2021-01-07,TMT,3.51
2021-01-07,TND,2.691501
2021-01-07,TOP,2.260699
2021-01-07,TRY,7.33475
2021-01-07,TTD,6.796204
2021-01-07,TWD,27.941797
2021-01-07,TZS,2319.554987
2021-01-07,UAH,28.278915
2021-01-07,UGX,3695.884576
2021-01-07,USD,1.0
2021-01-07,UYU,42.355149
2021-01-07,UZS,10459.000106
2021-01-07,VEF,9.987501
2021-01-07,VND,23079.0
2021-01-07,VUV,107.988033
2021-01-07,WST,2.503207
2021-01-07,XAF,535.309047
2021-01-07,XAG,0.03679
2021-01-07,XAU,0.000522
2021-01-07,XCD,2.70255
2021-01-07,XDR,0.6895
2021-01-07,XOF,532.99995
2021-01-07,XPF,97.674968
2021-01-07,YER,250.349763
2021-01-07,ZAR,15.446203
2021-01-07,ZMK,9001.197395
2021-01-07,ZMW,21.19513
2021-01-07,ZWL,322.000186
2021-01-08,AED,3.673042
2021-01-08,AFN,77.203991
2021-01-08,ALL,101.303989
2021-01-08,AMD,522.790403
2021-01-08,ANG,1.794999
2021-01-08,AOA,653.750403
2021-01-08,ARS,85.08319
2021-01-08,AUD,1.287623
2021-01-08,AWG,1.8
2021-01-08,AZN,1.70397
2021-01-08,BAM,1.596505
2021-01-08,BBD,2.019068
2021-01-08,BDT,84.753936
2021-01-08,BGN,1.600465
2021-01-08,BHD,0.376989
2021-01-08,BIF,1955.0
2021-01-08,BMD,1.0
2021-01-08,BND,1.324311
2021-01-08,BOB,6.884994
2021-01-08,BRL,5.418041
2021-01-08,BSD,1.000024
2021-01-08,BTC,2.4610512e-05
2021-01-08,BTN,73.262128
2021-01-08,BWP,10.995127
2021-01-08,BYN,2.564507
2021-01-08,BYR,19600.0
2021-01-08,BZD,2.015722
2021-01-08,CAD,1.270375
2021-01-08,CDF,1970.000362
2021-01-08,CHF,0.885523
2021-01-08,CLF,0.025807
2021-01-08,CLP,712.103912
2021-01-08,CNY,6.475404
2021-01-08,COP,3468.9
2021-01-08,CRC,613.899614
2021-01-08,CUC,1.0
2021-01-08,CUP,26.5
2021-01-08,CVE,90.503897
2021-01-08,CZK,21.41485
2021-01-08,DJF,177.720394
2021-01-08,DKK,6.08585
2021-01-08,DOP,58.27504
2021-01-08,DZD,132.184867
2021-01-08,EGP,15.692434
2021-01-08,ERN,15.000358
2021-01-08,ETB,39.303876
2021-01-08,EUR,0.817996
2021-01-08,FJD,2.04504
2021-01-08,FKP,0.737405
2021-01-08,GBP,0.737247
2021-01-08,GEL,3.310391
2021-01-08,GGP,0.737405
2021-01-08,GHS,5.86039
2021-01-08,GIP,0.737405
2021-01-08,GMD,51.703853
2021-01-08,GNF,10250.000355
2021-01-08,GTQ,7.792534
2021-01-08,GYD,209.334977
2021-01-08,HKD,7.76261
2021-01-08,HNL,24.250389
2021-01-08,HRK,6.195904
2021-01-08,HTG,73.111741
2021-01-08,HUF,294.150388
2021-01-08,IDR,14136.95
2021-01-08,ILS,3.18293
2021-01-08,IMP,0.737405
2021-01-08,INR,73.379404
2021-01-08,IQD,1462.5
2021-01-08,IRR,42105.000352
2021-01-08,ISK,128.220386
2021-01-08,JEP,0.737405
2021-01-08,JMD,142.758491
2021-01-08,JOD,0.708704
2021-01-08,JPY,103.928504
2021-01-08,KES,109.550385
2021-01-08,KGS,83.077304
2021-01-08,KHR,4055.000351
2021-01-08,KMF,402.403796
2021-01-08,KPW,900.015848
2021-01-08,KRW,1093.010384
2021-01-08,KWD,0.30358
2021-01-08,KYD,0.83334
2021-01-08,KZT,419.38828
2021-01-08,LAK,9305.000349
2021-01-08,LBP,1528.135871
2021-01-08,LKR,187.997698
2021-01-08,LRD,167.050382
2021-01-08,LSL,15.310382
2021-01-08,LTL,2.95274
2021-01-08,LVL,0.60489
2021-01-08,LYD,4.440381
2021-01-08,MAD,8.840381
2021-01-08,MDL,17.115593
2021-01-08,MGA,3793.000347
2021-01-08,MKD,50.295085
2021-01-08,MMK,1327.483777
2021-01-08,MNT,2855.493429
2021-01-08,MOP,7.986434
2021-01-08,MRO,356.999828
2021-01-08,MUR,39.378323
2021-01-08,MVR,15.420378
2021-01-08,MWK,775.000345
2021-01-08,MXN,20.00415
2021-01-08,MYR,4.032504
2021-01-08,MZN,74.925039
2021-01-08,NAD,15.310377
2021-01-08,NGN,383.503727
2021-01-08,NIO,35.025039
2021-01-08,NOK,8.41621
2021-01-08,NPR,117.219143
2021-01-08,NZD,1.383071
2021-01-08,OMR,0.384777
2021-01-08,PAB,1.000024
2021-01-08,PEN,3.622039
2021-01-08,PGK,3.515039
2021-01-08,PHP,48.056442
2021-01-08,PKR,160.250375
2021-01-08,PLN,3.690741
2021-01-08,PYG,6857.945131
2021-01-08,QAR,3.641038
2021-01-08,RON,3.985604
2021-01-08,RSD,96.235038
2021-01-08,RUB,74.083604
2021-01-08,RWF,975.0
2021-01-08,SAR,3.751943
2021-01-08,SBD,8.040664
2021-01-08,SCR,21.205302
2021-01-08,SDG,55.250372
2021-01-08,SEK,8.24354
2021-01-08,SGD,1.32544
2021-01-08,SHP,0.737405
2021-01-08,SLL,10205.000339
2021-01-08,SOS,583.000338
2021-01-08,SRD,14.154038
2021-01-08,STD,20834.863349
2021-01-08,SVC,8.75052
2021-01-08,SYP,512.822021
2021-01-08,SZL,15.31037
2021-01-08,THB,30.13037
2021-01-08,TJS,11.327516
2021-01-08,TMT,3.5
2021-01-08,TND,2.692504
2021-01-08,TOP,2.26425
2021-01-08,TRY,7.366404
2021-01-08,TTD,6.796346
2021-01-08,TWD,28.018038
2021-01-08,TZS,2319.010368
2021-01-08,UAH,28.27218
2021-01-08,UGX,3701.013003
2021-01-08,USD,1.0
2021-01-08,UYU,42.28424
2021-01-08,UZS,10460.000335
2021-01-08,VEF,9.987504
2021-01-08,VND,23067.5
2021-01-08,VUV,107.552696
2021-01-08,WST,2.527767
2021-01-08,XAF,535.435764
2021-01-08,XAG,0.039319
2021-01-08,XAU,0.000541
2021-01-08,XCD,2.70255
2021-01-08,XDR,0.691868
2021-01-08,XOF,535.000332
2021-01-08,XPF,98.050364
2021-01-08,YER,250.403597
2021-01-08,ZAR,15.29965
2021-01-08,ZMK,9001.203593
2021-01-08,ZMW,21.222624
2021-01-08,ZWL,322.000186
2021-01-09,AED,3.673204
2021-01-09,AFN,77.243354
2021-01-09,ALL,101.235174
2021-01-09,AMD,522.790403
2021-01-09,ANG,1.798773
2021-01-09,AOA,653.750403
2021-01-09,ARS,85.108875
2021-01-09,AUD,1.28866
2021-01-09,AWG,1.8
2021-01-09,AZN,1.70397
2021-01-09,BAM,1.599861
2021-01-09,BBD,2.023313
2021-01-09,BDT,84.933497
2021-01-09,BGN,1.598942
2021-01-09,BHD,0.377832
2021-01-09,BIF,1944.899796
2021-01-09,BMD,1.0
2021-01-09,BND,1.327117
2021-01-09,BOB,6.899468
2021-01-09,BRL,5.41546
2021-01-09,BSD,1.002127
2021-01-09,BTC,2.4943612e-05
2021-01-09,BTN,73.417342
2021-01-09,BWP,11.018241
2021-01-09,BYN,2.569898
2021-01-09,BYR,19600.0
2021-01-09,BZD,2.019959
2021-01-09,CAD,1.269865
2021-01-09,CDF,1970.000362
2021-01-09,CHF,0.885555
2021-01-09,CLF,0.025904
2021-01-09,CLP,714.782413
2021-01-09,CNY,6.475404
2021-01-09,COP,3497.341513
2021-01-09,CRC,615.190184
2021-01-09,CUC,1.0
2021-01-09,CUP,26.5
2021-01-09,CVE,90.196319
2021-01-09,CZK,21.41015
2021-01-09,DJF,178.396728
2021-01-09,DKK,6.08563
2021-01-09,DOP,58.352556
2021-01-09,DZD,132.184867
2021-01-09,EGP,15.733088
2021-01-09,ERN,15.000358
2021-01-09,ETB,39.489162
2021-01-09,EUR,0.817996
2021-01-09,FJD,2.01415
2021-01-09,FKP,0.737017
2021-01-09,GBP,0.737164
2021-01-09,GEL,3.310391
2021-01-09,GGP,0.737017
2021-01-09,GHS,5.872311
2021-01-09,GIP,0.737017
2021-01-09,GMD,51.703853
2021-01-09,GNF,10286.625767
2021-01-09,GTQ,7.808916
2021-01-09,GYD,209.775051
2021-01-09,HKD,7.76191
2021-01-09,HNL,24.148875
2021-01-09,HRK,6.195904
2021-01-09,HTG,73.26544
2021-01-09,HUF,294.160388
2021-01-09,IDR,14135.35
2021-01-09,ILS,3.18293
2021-01-09,IMP,0.737017
2021-01-09,INR,73.378404
2021-01-09,IQD,1463.075665
2021-01-09,IRR,42105.000352
2021-01-09,ISK,128.220386
2021-01-09,JEP,0.737017
2021-01-09,JMD,143.060941
2021-01-09,JOD,0.708704
2021-01-09,JPY,103.94804
2021-01-09,KES,109.780777
2021-01-09,KGS,83.077304
2021-01-09,KHR,4072.556237
2021-01-09,KMF,402.403796
2021-01-09,KPW,900.00001
2021-01-09,KRW,1093.010384
2021-01-09,KWD,0.30358
2021-01-09,KYD,0.835092
2021-01-09,KZT,420.269939
2021-01-09,LAK,9315.582822
2021-01-09,LBP,1515.173824
2021-01-09,LKR,188.395992
2021-01-09,LRD,167.050382
2021-01-09,LSL,15.310382
2021-01-09,LTL,2.95274
2021-01-09,LVL,0.60489
2021-01-09,LYD,4.441227
2021-01-09,MAD,8.839755
2021-01-09,MDL,17.151575
2021-01-09,MGA,3822.03681
2021-01-09,MKD,50.400818
2021-01-09,MMK,1330.296196
2021-01-09,MNT,2855.277471
2021-01-09,MOP,8.003354
2021-01-09,MRO,356.999828
2021-01-09,MUR,39.483027
2021-01-09,MVR,15.420378
2021-01-09,MWK,772.829448
2021-01-09,MXN,20.00935
2021-01-09,MYR,4.032504
2021-01-09,MZN,74.925039
2021-01-09,NAD,15.310377
2021-01-09,NGN,396.335378
2021-01-09,NIO,34.923517
2021-01-09,NOK,8.40676
2021-01-09,NPR,117.467485
2021-01-09,NZD,1.380358
2021-01-09,OMR,0.38497
2021-01-09,PAB,1.002127
2021-01-09,PEN,3.629611
2021-01-09,PGK,3.526217
2021-01-09,PHP,48.056442
2021-01-09,PKR,160.587566
2021-01-09,PLN,3.69175
2021-01-09,PYG,6872.474438
2021-01-09,QAR,3.641038
2021-01-09,RON,3.985604
2021-01-09,RSD,96.235038
2021-01-09,RUB,74.083604
2021-01-09,RWF,993.316973
2021-01-09,SAR,3.75177
2021-01-09,SBD,8.040664
2021-01-09,SCR,21.697342
2021-01-09,SDG,55.250372
2021-01-09,SEK,8.24409
2021-01-09,SGD,1.32592
2021-01-09,SHP,0.737017
2021-01-09,SLL,10205.000339
2021-01-09,SOS,583.000338
2021-01-09,SRD,14.154038
2021-01-09,STD,20834.863349
2021-01-09,SVC,8.768916
2021-01-09,SYP,512.822021
2021-01-09,SZL,15.257587
2021-01-09,THB,30.13037
2021-01-09,TJS,11.351329
2021-01-09,TMT,3.5
2021-01-09,TND,2.692504
2021-01-09,TOP,2.26425
2021-01-09,TRY,7.376204
2021-01-09,TTD,6.810634
2021-01-09,TWD,28.018038
2021-01-09,TZS,2323.885481
2021-01-09,UAH,28.331616
2021-01-09,UGX,3708.793456
2021-01-09,USD,1.0
2021-01-09,UYU,42.373824
2021-01-09,UZS,10482.03681
2021-01-09,VEF,9.987504
2021-01-09,VND,23115.746421
2021-01-09,VUV,107.502093
2021-01-09,WST,2.53162
2021-01-09,XAF,536.570143
2021-01-09,XAG,0.039319
2021-01-09,XAU,0.000541
2021-01-09,XCD,2.70255
2021-01-09,XDR,0.693333
2021-01-09,XOF,536.570143
2021-01-09,XPF,98.050364
2021-01-09,YER,250.403597
2021-01-09,ZAR,15.303445
2021-01-09,ZMK,9001.203593
2021-01-09,ZMW,21.267239
2021-01-09,ZWL,322.000186
2021-01-10,AED,3.67297
2021-01-10,AFN,77.243354
2021-01-10,ALL,101.235174
2021-01-10,AMD,522.790047
2021-01-10,ANG,1.798773
2021-01-10,AOA,653.750303
2021-01-10,ARS,85.399478
2021-01-10,AUD,1.29601
2021-01-10,AWG,1.8
2021-01-10,AZN,1.702436
2021-01-10,BAM,1.599861
2021-01-10,BBD,2.023313
2021-01-10,BDT,84.933497
2021-01-10,BGN,1.598942
2021-01-10,BHD,0.377832
2021-01-10,BIF,1944.899796
2021-01-10,BMD,1.0
2021-01-10,BND,1.327117
2021-01-10,BOB,6.899468
2021-01-10,BRL,5.41546
2021-01-10,BSD,1.002127
2021-01-10,BTC,2.6150843e-05
2021-01-10,BTN,73.417342
2021-01-10,BWP,11.018241
2021-01-10,BYN,2.569898
2021-01-10,BYR,19600.0
2021-01-10,BZD,2.019959
2021-01-10,CAD,1.27319
2021-01-10,CDF,1969.999994
2021-01-10,CHF,0.887695
2021-01-10,CLF,0.025904
2021-01-10,CLP,714.782413
2021-01-10,CNY,6.4754
2021-01-10,COP,3497.341513
2021-01-10,CRC,615.190184
2021-01-10,CUC,1.0
2021-01-10,CUP,26.5
2021-01-10,CVE,90.196319
2021-01-10,CZK,21.469023
2021-01-10,DJF,178.396728
2021-01-10,DKK,6.10283
2021-01-10,DOP,58.352556
2021-01-10,DZD,132.184867
2021-01-10,EGP,15.784735
2021-01-10,ERN,15.000004
2021-01-10,ETB,39.489162
2021-01-10,EUR,0.820635
2021-01-10,FJD,2.01415
2021-01-10,FKP,0.739865
2021-01-10,GBP,0.739903
2021-01-10,GEL,3.309783
2021-01-10,GGP,0.739865
2021-01-10,GHS,5.872311
2021-01-10,GIP,0.739865
2021-01-10,GMD,51.701691
2021-01-10,GNF,10286.625767
2021-01-10,GTQ,7.808916
2021-01-10,GYD,209.775051
2021-01-10,HKD,7.754625
2021-01-10,HNL,24.148875
2021-01-10,HRK,6.195901
2021-01-10,HTG,73.26544
2021-01-10,HUF,295.167969
2021-01-10,IDR,14049.531697
2021-01-10,ILS,3.18262
2021-01-10,IMP,0.739865
2021-01-10,INR,73.378394
2021-01-10,IQD,1463.075665
2021-01-10,IRR,42105.000252
2021-01-10,ISK,128.220012
2021-01-10,JEP,0.739865
2021-01-10,JMD,143.060941
2021-01-10,JOD,0.708697
2021-01-10,JPY,104.093985
2021-01-10,KES,109.780777
2021-01-10,KGS,83.077298
2021-01-10,KHR,4072.556237
2021-01-10,KMF,402.410825
2021-01-10,KPW,900.06313
2021-01-10,KRW,1093.010041
2021-01-10,KWD,0.30358
2021-01-10,KYD,0.835092
2021-01-10,KZT,420.269939
2021-01-10,LAK,9315.582822
2021-01-10,LBP,1515.173824
2021-01-10,LKR,188.395992
2021-01-10,LRD,167.050217
2021-01-10,LSL,15.310178
2021-01-10,LTL,2.95274
2021-01-10,LVL,0.60489
2021-01-10,LYD,4.441227
2021-01-10,MAD,8.839755
2021-01-10,MDL,17.151575
2021-01-10,MGA,3822.03681
2021-01-10,MKD,50.400818
2021-01-10,MMK,1330.296196
2021-01-10,MNT,2854.570156
2021-01-10,MOP,8.003354
2021-01-10,MRO,356.999828
2021-01-10,MUR,39.483027
2021-01-10,MVR,15.420297
2021-01-10,MWK,772.829448
2021-01-10,MXN,20.05299
2021-01-10,MYR,4.032502
2021-01-10,MZN,74.925002
2021-01-10,NAD,15.309887
2021-01-10,NGN,396.335378
2021-01-10,NIO,34.923517
2021-01-10,NOK,8.470185
2021-01-10,NPR,117.467485
2021-01-10,NZD,1.389195
2021-01-10,OMR,0.38497
2021-01-10,PAB,1.002127
2021-01-10,PEN,3.629611
2021-01-10,PGK,3.526217
2021-01-10,PHP,48.056442
2021-01-10,PKR,160.587566
2021-01-10,PLN,3.702229
2021-01-10,PYG,6872.474438
2021-01-10,QAR,3.641029
2021-01-10,RON,3.97328
2021-01-10,RSD,96.234968
2021-01-10,RUB,74.4199
2021-01-10,RWF,993.316973
2021-01-10,SAR,3.75175
2021-01-10,SBD,8.040664
2021-01-10,SCR,21.697342
2021-01-10,SDG,55.25034
2021-01-10,SEK,8.261199
2021-01-10,SGD,1.32872
2021-01-10,SHP,0.739865
2021-01-10,SLL,10204.999892
2021-01-10,SOS,582.999633
2021-01-10,SRD,14.153972
2021-01-10,STD,20834.863349
2021-01-10,SVC,8.768916
2021-01-10,SYP,512.796441
2021-01-10,SZL,15.257587
2021-01-10,THB,30.142024
2021-01-10,TJS,11.351329
2021-01-10,TMT,3.5
2021-01-10,TND,2.692501
2021-01-10,TOP,2.26425
2021-01-10,TRY,7.36336
2021-01-10,TTD,6.810634
2021-01-10,TWD,28.018025
2021-01-10,TZS,2323.885481
2021-01-10,UAH,28.331616
2021-01-10,UGX,3708.793456
2021-01-10,USD,1.0
2021-01-10,UYU,42.373824
2021-01-10,UZS,10482.03681
2021-01-10,VEF,9.987497
2021-01-10,VND,23115.746421
2021-01-10,VUV,108.144148
2021-01-10,WST,2.510976
2021-01-10,XAF,536.570143
2021-01-10,XAG,0.040011
2021-01-10,XAU,0.000542
2021-01-10,XCD,2.70255
2021-01-10,XDR,0.693333
2021-01-10,XOF,536.570143
2021-01-10,XPF,98.050268
2021-01-10,YER,250.398342
2021-01-10,ZAR,15.308696
2021-01-10,ZMK,9001.208908
2021-01-10,ZMW,21.267239
2021-01-10,ZWL,322.000186
